訊號K開盤UTC,合約,收盤,EMA20,ATR10,上軌,前一根收盤,前一根上軌,止損,進場價,幣前一天收盤,幣前一天EMA50,BTC前一天收盤,BTC前一天EMA50,市場廣度,資金費率,出場UTC,R
2026-08-23 00:00,HBARUSDT,0.07919,0.07201068333150666,0.0035415994159250525,0.07909388216335676,0.07739,0.07829185337839929,0.07387760087611242,0.0792,0.07739,0.07080070089046697,77084.5,65857.83150335563,0.5851735015772871,0.0001,2026-08-25 13:00,0.22623181180978458
2026-08-23 00:00,ETHFIUSDT,0.644,0.5239831096928699,0.052280132824074864,0.6285433753410196,0.5783,0.6046389368719348,0.5655798007638877,0.6439,0.5783,0.4340002254886118,77084.5,65857.83150335563,0.5851735015772871,5e-05,2026-08-25 20:00,-1.017675963716927
2026-08-23 12:00,INJUSDT,5.356,4.69568147051563,0.3091909004143313,5.314063271344292,5.063,5.201931813361988,4.892213649378503,5.356,4.936,4.715531905872704,77084.5,65857.83150335563,0.6214511041009464,0.0001,2026-08-25 21:00,0.22690315813381426
2026-08-24 00:00,PORTALUSDT,0.01794,0.012965647742576076,0.0022411792071615516,0.01744800615689918,0.01354,0.016360207731393378,0.014578231189257673,0.01794,0.01354,0.011817691813368674,77719.1,66322.97928753776,0.6214511041009464,-0.00250403,2026-08-25 14:00,-0.9887440904683613
2026-08-24 00:00,PROMUSDT,3.925,2.514908757993374,0.44905144171620937,3.4130116414257925,2.878,3.0594813047538434,3.251422837425686,3.925,2.878,1.9184456366735436,77719.1,66322.97928753776,0.6214511041009464,2.03e-06,2026-08-25 08:00,0.24308696425780885
2026-08-25 12:00,BMTUSDT,0.02301,0.01667053633627456,0.0026147560214233485,0.021900048379121257,0.01535,0.019733793308168213,0.019087865967864978,0.02301,0.01511,0.014753291418242222,78953.0,66818.27421743824,0.5331230283911672,-0.00286716,2026-08-26 03:00,0.2417866141911361
2026-08-26 12:00,EDENUSDT,0.06684,0.05228963942343995,0.006943141865142804,0.06617592315372556,0.05613,0.062465004443183716,0.05642528720228579,0.06684,0.05069,0.04652595555564908,78505.4,67276.59287557792,0.5946372239747634,-0.00150425,2026-08-28 16:00,0.24553183296516692
2026-08-26 12:00,ONGUSDT,0.20012,0.08639254902579636,0.02845075411659962,0.1432940572589956,0.09518,0.10722735865604309,0.15744386882510056,0.20011,0.09492,0.05476955681605354,78505.4,67276.59287557792,0.5946372239747634,-0.01991822,2026-08-27 00:00,-1.0065661917845699
2026-08-27 00:00,TAOUSDT,256.59,226.00249373886112,13.7836491669814,253.56979207282393,234.59,247.03753216431397,235.91452624952788,256.6,234.59,210.02028141078486,78989.4,67735.9186451631,0.5946372239747634,5e-05,2026-08-28 16:00,-1.021708470659984
2026-08-27 00:00,PROMUSDT,4.582,3.2587447593719903,0.619709127237104,4.498163013846199,4.281,4.288363905680735,3.6524363091443437,4.582,4.281,2.1560106799723013,78989.4,67735.9186451631,0.5946372239747634,5e-05,2026-08-27 19:00,0.24285266833746022
2026-08-27 12:00,UNIUSDT,4.684,4.161518036894368,0.2543278990320429,4.670173834958454,4.455,4.609248600030478,4.302508151451936,4.683,4.38,3.7461785874417903,78989.4,67735.9186451631,0.5962145110410094,0.0001,2026-08-31 23:00,1.1753997418261537
2026-08-27 12:00,BMTUSDT,0.027,0.018983507519395915,0.003847419425655859,0.026678346370707633,0.02145,0.02464282048488336,0.02122887086151621,0.027,0.02139,0.015324649248442745,78989.4,67735.9186451631,0.5962145110410094,-0.0001709,2026-08-29 05:00,-0.9986217255221411
2026-08-28 00:00,STXUSDT,0.2727,0.22080547241487944,0.02097811778837455,0.26276170799162857,0.256,0.2572720412046464,0.24123282331743817,0.2727,0.256,0.16920141060027807,80208.9,68225.05516888219,0.5962145110410094,-0.0002026,2026-08-29 22:00,-1.0110114128603098
2026-08-31 00:00,HEMIUSDT,0.014905,0.010428021618612667,0.002200008798602514,0.014828039215817695,0.013779,0.0140147802888114,0.01160498680209623,0.014907,0.013779,0.0070276580779089805,77634.6,69316.74646375694,0.43690851735015773,5e-05,2026-08-31 23:00,0.46145508557524584
2026-08-31 00:00,UAIUSDT,0.4016,0.31046513785383817,0.04494287647637605,0.40035089080659025,0.3877,0.38823394219531177,0.3341856852854359,0.402,0.3877,0.3049316647223801,77634.6,69316.74646375694,0.43690851735015773,0.0001052,2026-08-31 23:00,-0.3819552970346121
